loan_intent,most_common_loan_grade,average_loan_amnt,average_loan_int_rate
PERSONAL,A,10203.11425,9.986239363
EDUCATION,A,9485.082894,9.934769135
MEDICAL,A,9583.320982,9.930335968
VENTURE,A,9584.404512,9.857642532
HOMEIMPROVEMENT,A,10359.31087,10.23017194
DEBTCONSOLIDATION,A,9589.401496,9.911567236
